seed,model,task,method,finetuning_steps,realignment_steps,distinct_realignment_samples,repeated_realignment_samples,train_loss,realignment_loss,task_loss,eval_ar_accuracy,eval_bg_accuracy,eval_de_accuracy,eval_el_accuracy,eval_es_accuracy,eval_fr_accuracy,eval_hi_accuracy,eval_ru_accuracy,eval_th_accuracy,eval_tr_accuracy,eval_vi_accuracy,eval_zh_accuracy,eval_avg_accuracy,eval_same_accuracy,final_eval_ar_accuracy,final_eval_bg_accuracy,final_eval_de_accuracy,final_eval_el_accuracy,final_eval_es_accuracy,final_eval_fr_accuracy,final_eval_hi_accuracy,final_eval_ru_accuracy,final_eval_th_accuracy,final_eval_tr_accuracy,final_eval_vi_accuracy,final_eval_zh_accuracy,final_eval_avg_accuracy,final_eval_same_accuracy
17,distilbert-base-multilingual-cased,xnli,before_dico,24544,24544,19786,392590,0.634842574596405,0,0.634842574596405,0.599001996007984,0.6357285429141717,0.643313373253493,0.6079840319361277,0.6934131736526946,0.6802395209580838,0.5407185628742515,0.6249500998003992,0.4718562874251497,0.5774451097804392,0.644311377245509,0.6339321357285429,0.6127411842980705,0.7668662674650698,0.599001996007984,0.6357285429141717,0.643313373253493,0.6079840319361277,0.6934131736526946,0.6802395209580838,0.5407185628742515,0.6249500998003992,0.4718562874251497,0.5774451097804392,0.644311377245509,0.6339321357285429,0.6127411842980705,0.7668662674650698
17,distilbert-base-multilingual-cased,xnli,freeze_realign_unfreeze_dico,24544,24544,19786,392590,0.6208086609840393,0,0.6208086609840393,0.5946107784431137,0.6367265469061876,0.6542914171656686,0.6283433133732534,0.6986027944111777,0.6962075848303393,0.5473053892215569,0.6369261477045908,0.40838323353293415,0.5860279441117765,0.6417165668662674,0.6427145708582834,0.614321357285429,0.7746506986027945,0.5946107784431137,0.6367265469061876,0.6542914171656686,0.6283433133732534,0.6986027944111777,0.6962075848303393,0.5473053892215569,0.6369261477045908,0.40838323353293415,0.5860279441117765,0.6417165668662674,0.6427145708582834,0.614321357285429,0.7746506986027945
