seed,model,task,method,finetuning_steps,realignment_steps,distinct_realignment_samples,repeated_realignment_samples,train_loss,realignment_loss,task_loss,eval_ar_accuracy,eval_bg_accuracy,eval_de_accuracy,eval_el_accuracy,eval_es_accuracy,eval_fr_accuracy,eval_hi_accuracy,eval_ru_accuracy,eval_th_accuracy,eval_tr_accuracy,eval_vi_accuracy,eval_zh_accuracy,eval_avg_accuracy,eval_same_accuracy,final_eval_ar_accuracy,final_eval_bg_accuracy,final_eval_de_accuracy,final_eval_el_accuracy,final_eval_es_accuracy,final_eval_fr_accuracy,final_eval_hi_accuracy,final_eval_ru_accuracy,final_eval_th_accuracy,final_eval_tr_accuracy,final_eval_vi_accuracy,final_eval_zh_accuracy,final_eval_avg_accuracy,final_eval_same_accuracy
31,xlm-roberta-base,xnli,baseline,24544,0,0,0,0.47912466526031494,0,0.47912466526031494,0.7143712574850299,0.7734530938123753,0.7580838323353294,0.7570858283433134,0.7818363273453094,0.7724550898203593,0.6934131736526946,0.7550898203592814,0.7149700598802395,0.7259481037924151,0.7455089820359282,0.7271457085828343,0.7432801064537594,0.833932135728543,0.7143712574850299,0.7734530938123753,0.7580838323353294,0.7570858283433134,0.7818363273453094,0.7724550898203593,0.6934131736526946,0.7550898203592814,0.7149700598802395,0.7259481037924151,0.7455089820359282,0.7271457085828343,0.7432801064537594,0.833932135728543
66,xlm-roberta-base,xnli,freeze_realign_unfreeze_dico,24544,24544,17678,392660,0.519986093044281,0,0.519986093044281,0.700998003992016,0.7598802395209581,0.7487025948103793,0.7467065868263473,0.7762475049900199,0.768063872255489,0.6872255489021956,0.7435129740518962,0.7085828343313373,0.719560878243513,0.7343313373253493,0.7253493013972055,0.7349301397205589,0.8347305389221557,0.700998003992016,0.7598802395209581,0.7487025948103793,0.7467065868263473,0.7762475049900199,0.768063872255489,0.6872255489021956,0.7435129740518962,0.7085828343313373,0.719560878243513,0.7343313373253493,0.7253493013972055,0.7349301397205589,0.8347305389221557
